date,tic,open,high,low,close,volume,day,macd,boll_ub,boll_lb,rsi_30,cci_30,dx_30,close_30_sma,close_60_sma,vix,turbulence
2025-01-02,AAPL,248.3309608077005,248.5005651105234,241.23808511721737,243.26319885253903,55740700.0,3.0,0.0,243.71009438605014,242.32747275262173,0.0,-66.66666666666667,100.0,243.26319885253903,243.26319885253903,17.93000030517578,0.0
2025-01-02,GOOGL,190.43067970164265,191.7791328258186,187.2843094002135,189.2120819091797,20370800.0,3.0,0.0,243.71009438605014,242.32747275262173,0.0,-66.66666666666667,100.0,189.2120819091797,189.2120819091797,17.93000030517578,0.0
2025-01-02,MSFT,423.9002620409249,424.4382024078871,413.2611726539346,416.9768676757813,16896500.0,3.0,0.0,243.71009438605014,242.32747275262173,0.0,-66.66666666666667,100.0,416.9768676757813,416.9768676757813,17.93000030517578,0.0
2025-01-03,AAPL,242.7743682861328,243.5923870862029,241.3079045417172,242.7743682861328,40244100.0,4.0,-0.010967352451444867,243.71009438605014,242.32747275262173,0.0,-66.66666666666667,100.0,243.01878356933594,243.01878356933594,16.1299991607666,0.0
2025-01-03,GOOGL,191.1498514336812,192.9877463613902,189.76145103861663,191.56936645507807,18596200.0,4.0,0.05288779429901069,193.72442795731087,187.0570204069469,100.0,66.66666666666667,100.0,190.39072418212888,190.39072418212888,16.1299991607666,0.0
2025-01-03,MSFT,419.4672816518615,422.4059955323201,417.9332016254231,421.7286071777344,16662900.0,4.0,0.10660954010791102,426.07271187528386,412.63276297823177,100.0,66.6666666666682,100.0,419.3527374267578,419.3527374267578,16.1299991607666,0.0
2025-01-06,AAPL,243.7220736759316,246.73481040856495,242.61474424512696,244.4104156494141,45045600.0,0.0,0.03675914694133553,245.16228641868685,241.8030354400371,77.5898750592201,59.96435380988309,100.0,243.48266092936197,243.48266092936197,16.040000915527344,0.0
2025-01-06,GOOGL,193.75684931380115,197.99197728329847,193.6270092243641,196.64352416992188,29563600.0,0.0,0.2247388745840624,200.07017357328047,184.87980811617265,100.0,100.00000000000037,100.0,192.47499084472656,192.47499084472656,16.040000915527344,0.0
2025-01-06,MSFT,426.3607841744266,432.6565862275622,423.8504465763424,426.21136474609375,20573600.0,0.0,0.2748517586489925,430.8747493264173,412.40314373998893,100.0,100.0,100.0,421.6389465332031,421.6389465332031,16.040000915527344,0.0
2025-01-07,AAPL,242.3952722906863,244.9590949760797,240.76920518354387,241.62713623046875,40856000.0,1.0,-0.042924022211394686,245.32610138323668,240.71145812604067,32.800730787063756,-70.29470461476492,24.412949898389037,243.01877975463867,243.01877975463867,17.81999969482422,0.0
2025-01-07,GOOGL,196.8832529983184,200.7687774852745,194.37614589069548,195.2651214599609,26487200.0,1.0,0.2476256307340634,199.97272172874509,186.37232526832517,83.75707560848076,74.60319799509001,100.0,193.17252349853513,193.17252349853513,17.81999969482422,0.0
2025-01-07,MSFT,427.356962317073,429.00063686122985,419.18835553907815,420.7523498535156,18139100.0,1.0,0.14754004554299627,429.0102385476442,413.8243561789183,61.64424552839422,14.055918819773105,36.00861276857208,421.41729736328125,421.41729736328125,17.81999969482422,0.0
2025-01-08,AAPL,241.33781457710973,243.12351544341067,239.4723196272597,242.11593627929688,37628900.0,2.0,-0.06586852686069733,244.9934142741468,240.68300784499382,39.17921417503115,-93.72492421684953,2.401176494516011,242.8382110595703,242.8382110595703,17.700000762939453,0.0
2025-01-08,GOOGL,192.3484808074723,196.06418741382137,192.1586969389352,193.7268829345703,24864800.0,2.0,0.19363875779089312,199.1933762220114,187.3734145494729,70.53140811901814,11.64893926931471,58.43426686572866,193.28339538574215,193.28339538574215,17.700000762939453,0.0
2025-01-08,MSFT,421.8381668103431,425.3347334633813,419.9255373117582,422.9339599609375,15054600.0,2.0,0.1620659625754115,428.4347775740686,415.00648219155636,66.89383685551414,8.145845160034298,36.00861276857208,421.7206298828125,421.7206298828125,17.700000762939453,0.0
2025-01-10,AAPL,239.4324132245663,239.58206138453852,232.4392881886217,236.280029296875,61710900.0,4.0,-0.32796997607331946,247.43632178248464,236.05403974909086,18.035496335898685,-188.2823173765313,55.81964473417973,241.74518076578775,241.74518076578775,19.540000915527344,0.0
2025-01-10,GOOGL,194.07648645979597,196.29393386115163,190.09107094303812,191.81907653808597,26665200.0,4.0,0.07596664220147886,198.45891651247436,187.61976797645795,58.64931590841365,-20.416427415049547,31.976983077651326,193.03934224446616,193.03934224446616,19.540000915527344,0.0
2025-01-10,MSFT,423.0036976315441,423.0833778600729,413.4304875422897,417.345458984375,20201100.0,4.0,-0.07121586657495982,427.97894050907695,414.0039289570689,49.08952338342305,-91.10061188610837,7.917096397822915,420.99143473307294,420.99143473307294,19.540000915527344,0.0
2025-01-13,AAPL,232.96802072299363,234.10527676213235,229.16719172961072,233.8359222412109,49630700.0,0.0,-0.6011311884009558,248.5359812586421,232.69459212305435,14.617740702327495,-151.03646276745317,65.03122368958162,240.61528669084822,240.61528669084822,19.190000534057617,0.0
2025-01-13,GOOGL,189.8513620671916,190.96007055747597,187.14447278422705,190.79026794433597,21823700.0,0.0,-0.047412893815248935,197.94939038616408,187.48670144558812,53.61097436947542,-91.56727048733389,5.904483466981617,192.7180459158761,192.7180459158761,19.190000534057617,0.0
2025-01-13,MSFT,413.6496498082875,416.8971739621178,410.71096634455273,415.5921936035156,17604800.0,0.0,-0.29902098393421284,427.79282027257455,412.64740887084065,45.186315858383814,-128.23894575595205,19.21770377809326,420.2201145717076,420.2201145717076,19.190000534057617,0.0
2025-01-14,AAPL,234.1850763475817,235.55177458449063,231.9105643637605,232.71861267089844,39435300.0,1.0,-0.8277678057042124,248.84523269015622,230.41117218655276,13.415487559809051,-97.61086395144595,50.665314986924294,239.6282024383545,239.6282024383545,18.709999084472656,0.0
2025-01-14,GOOGL,191.0200024296161,191.75914137705388,188.0933651847724,189.4418182373047,17174900.0,1.0,-0.19351233397892997,197.67733785199837,186.939697060111,48.01789251572242,-74.9499823516214,10.845489759078877,192.3085174560547,192.3085174560547,18.709999084472656,0.0
2025-01-14,MSFT,416.2098216251219,418.1324225968999,409.1469793562449,414.0780334472656,16935900.0,1.0,-0.518976615683755,427.6995469550094,411.2051619072953,42.18934175908544,-108.19029779048971,24.714363494238334,419.45235443115234,419.45235443115234,18.709999084472656,0.0
2025-01-15,AAPL,234.07533889356796,238.38495013235743,233.8658375602648,237.2975616455078,39832000.0,2.0,-0.7449362350901936,248.1298709013362,230.6086137991846,35.80071076345908,-44.506017747693434,28.07552981395624,239.3692423502604,239.3692423502604,16.1200008392334,0.0
2025-01-15,GOOGL,192.8678659974796,196.1341084636535,191.6392852545324,195.32504272460935,21776000.0,2.0,0.00014910561023384616,198.05343666041986,187.2339372002572,64.65894807355883,47.759546699172866,31.282835158068373,192.64368693033853,192.64368693033853,16.1200008392334,0.0
2025-01-15,MSFT,417.5247525233758,426.51019531397225,416.6680304830878,424.67724609375,19637800.0,2.0,-0.13752978315056907,428.49736895508494,411.56842694335256,60.94632562623699,46.92484777288538,9.433808401745438,420.03289794921875,420.03289794921875,16.1200008392334,0.0
2025-01-16,AAPL,236.7788301031648,237.4372302632713,227.4812511099753,227.710693359375,71759100.0,3.0,-1.1691530614351109,249.27541051905558,227.13136438328814,22.94979195562493,-109.5515234546687,46.70396138370783,238.20338745117186,238.20338745117186,16.600000381469727,0.0
2025-01-16,GOOGL,193.91666057341888,195.2551153784116,192.58818877757312,192.6880798339844,17815400.0,3.0,0.0016969368739410129,197.7485644563903,187.54768798501593,56.30174931388544,22.54852892417818,31.28283515806838,192.64812622070312,192.64812622070312,16.600000381469727,0.0
2025-01-16,MSFT,427.0581034768278,427.8450559110229,422.7646130850573,422.953857421875,15300000.0,3.0,0.046288647919823234,428.51640790100043,412.13357989196834,57.79235001599503,74.29597941576785,13.344708033980378,420.3249938964844,420.3249938964844,16.600000381469727,0.0
2025-01-17,AAPL,231.5614090278119,231.73099810398452,227.93016912923343,229.4265594482422,68488300.0,4.0,-1.3678887141304301,249.16740794793958,225.6435800447806,27.751557048600233,-107.93951295923839,46.70396138370782,237.4054939963601,237.4054939963601,15.970000267028809,0.0
2025-01-17,GOOGL,196.3039099407615,197.00310160992169,193.52710928235737,195.77452087402344,27735100.0,4.0,0.1672235364600283,198.12535170713548,187.73933612578358,62.21502891271744,73.36620745028463,37.416894936488994,192.93234391645953,192.93234391645953,15.970000267028809,0.0
2025-01-17,MSFT,432.4274589059452,432.81597982276594,426.5301491586529,427.3868408203125,26197500.0,4.0,0.4146393269374471,429.828343693992,412.1056162669455,62.90103087106024,129.7417418740306,25.704167491682067,420.96697998046875,420.96697998046875,15.970000267028809,0.0
2025-01-21,AAPL,223.4609453061096,223.87993275191027,218.85206818023312,222.10421752929688,98070400.0,1.0,-1.8972051576062086,250.4065579267851,221.85421732142456,21.763934937653175,-173.3333164019527,61.77033819554123,236.13038762410483,236.13038762410483,15.0600004196167,0.0
2025-01-21,GOOGL,198.84100497169504,202.05728678766425,197.6423732117847,197.8221740722656,29971300.0,1.0,0.3987838597483915,199.03947017115647,187.64018935439694,65.42599506756379,153.88628394654324,50.60547364558542,193.3398297627767,193.3398297627767,15.0600004196167,0.0
2025-01-21,MSFT,428.55238804454143,429.2496888722742,423.9699995165458,426.85888671875,26085700.0,1.0,0.6500534763011956,430.56603260996883,412.3499118073489,61.976821809917325,83.20186044297895,16.826530955679566,421.4579722086589,421.4579722086589,15.0600004196167,0.0
2025-01-22,AAPL,219.2610651192188,223.58064673096771,219.2610651192188,223.29135131835935,64126500.0,2.0,-2.1975343487399357,250.5552713367689,219.73026755671066,24.49611456200371,-137.9657744175572,61.77033819554124,235.14276944673978,235.14276944673978,15.100000381469727,0.0
2025-01-22,GOOGL,198.83100862292844,200.24937329507208,197.3027698797832,198.1417999267578,26200600.0,2.0,0.5832803153827513,199.78159167521568,187.6368324909502,65.89400610824976,118.50418773602632,48.431220056810744,193.70921208308295,193.70921208308295,15.100000381469727,0.0
2025-01-22,MSFT,435.8841650351672,445.5569677171093,434.33014218783535,444.4910888671875,27803800.0,2.0,1.8120305895216688,438.6984929895235,407.7610078367986,74.77947980356018,240.31055540193782,43.24016730330754,423.22975041316107,423.22975041316107,15.100000381469727,0.0
2025-01-23,AAPL,224.19918327232872,226.4836658384098,221.7650525382596,223.1217803955078,60234800.0,3.0,-2.4036210464558394,250.42598022799754,218.142274515306,24.370355558135444,-105.18275509903499,47.50080741044033,234.28412737165178,234.28412737165178,15.020000457763672,0.0
2025-01-23,GOOGL,197.9120626387185,200.06958147081755,194.9754423241231,197.7522430419922,26951400.0,3.0,0.6912255511028604,200.21954823413077,187.77645178330786,64.78826113990817,85.00805936086313,34.650087644877544,193.99800000871932,193.99800000871932,15.020000457763672,0.0
2025-01-23,MSFT,440.30716256200645,445.0389703044714,439.8090775364838,444.9991149902344,18389300.0,3.0,2.6876946929421024,443.6600112456975,405.90939880592083,75.0300744117674,195.24871979962379,43.24016730330753,424.78470502580916,424.78470502580916,15.020000457763672,0.0
2025-01-24,AAPL,224.2390682481495,225.08702882156652,220.877182986192,222.24388122558597,54697900.0,4.0,-2.5804694017197107,250.23274377368782,216.73014481680698,23.71821618899439,-103.63108332491532,48.92619041969611,233.4814442952474,233.4814442952474,14.850000381469727,0.0
2025-01-24,GOOGL,197.87211722888603,200.66888399183227,197.77222616967975,199.9796905517578,23877500.0,4.0,0.8959934244001317,201.14098640593687,187.65257235057356,67.96774366530964,115.39976330853122,36.227357173498916,194.39677937825522,194.39677937825522,14.850000381469727,0.0
2025-01-24,MSFT,443.4550766157881,444.9393603072831,439.70946738545626,442.3592834472656,15549500.0,4.0,3.1571326785335714,446.28349364972473,405.62919352475444,71.22582820363164,149.65036451302544,42.943427240623315,425.9563435872396,425.9563435872396,14.850000381469727,0.0
2025-01-27,AAPL,223.48089669223063,231.59132137138343,223.44098442848647,229.3068389892578,94863400.0,0.0,-2.2538610934224153,249.53787798914115,216.90318493810494,37.61263601626894,-50.14183218778246,23.512679994507423,233.22053146362305,233.22053146362305,17.899999618530273,0.0
2025-01-27,GOOGL,192.18865606918456,196.65351502081776,190.5105808080997,191.5893402099609,41728900.0,0.0,0.5312363825754005,200.8863327003543,187.55629616011933,50.277358280197085,-36.516561190122204,4.586473120376167,194.22131443023682,194.22131443023682,17.899999618530273,0.0
2025-01-27,MSFT,422.3860783898249,433.5332238334213,421.8780219291722,432.8956604003906,35647800.0,0.0,2.8996919885639727,446.3321008615119,406.44800091461116,59.95265595411517,31.217648644207394,3.310111805502521,426.3900508880615,426.3900508880615,17.899999618530273,0.0
2025-01-28,AAPL,230.2944737209622,239.61199368769647,230.25456145519,237.68663024902344,75707600.0,1.0,-1.4582268719204592,249.43028036692243,217.53620594684133,49.01150191941206,24.156968797382476,1.4324138625019076,233.48324315688188,233.48324315688188,16.40999984741211,0.0
2025-01-28,GOOGL,192.52826307792665,195.2551182563093,190.4606370613745,195.0753326416016,24157900.0,1.0,0.46219476867003095,200.73820954188795,187.80489204933446,55.28006668772935,-19.82712645693424,4.413924282965077,194.2715507956112,194.2715507956112,16.40999984741211,0.0
2025-01-28,MSFT,432.93552501884864,446.66274757404807,429.7278561291377,445.4872741699219,23491700.0,1.0,3.446599004224254,448.9293622706215,406.0974716563087,67.11633429221436,119.29280063910763,20.169786287325266,427.5134169634651,427.5134169634651,16.40999984741211,0.0
2025-01-29,AAPL,233.5566008159093,239.2827933650634,233.4468649147594,238.78399658203125,45486100.0,2.0,-0.7618093768547567,249.44912693879314,218.10633197776502,50.24307511673245,36.22653348678546,1.4324138625019145,233.77772945827908,233.77772945827908,16.559999465942383,0.0
2025-01-29,GOOGL,195.33503253066368,196.5636133163606,193.20747792712064,195.18521118164065,18218300.0,2.0,0.4105738773780274,200.61065747844577,188.03396193344656,55.426297671371486,14.982945933448356,8.505095474369377,194.32230970594617,194.32230970594617,16.559999465942383,0.0
2025-01-29,MSFT,444.97921209968376,445.1684868455072,438.7132938317083,440.6358947753906,23581400.0,2.0,3.5172513615607954,449.9203186098792,406.56456840726486,62.64962261759317,112.62214061357078,20.16978628732526,428.242443508572,428.242443508572,16.559999465942383,0.0
2025-01-30,AAPL,238.0956370515832,240.21053038482776,236.63915907674937,237.0182342529297,55658300.0,3.0,-0.330611429508366,249.2505491648658,218.6460155195503,48.30107746610479,42.81164272545304,0.763547110912054,233.94828234220805,233.94828234220805,15.84000015258789,0.0
2025-01-30,GOOGL,197.7722225159478,201.16830508891937,197.4426003161396,200.638916015625,24354700.0,3.0,0.7157575159321539,201.4183685626278,187.8911567765992,61.834184165042934,125.01037074059366,20.839379492483566,194.6547626696135,194.6547626696135,15.84000015258789,0.0
2025-01-30,MSFT,417.1661258658952,421.240457770868,411.5776264111281,413.4006042480469,54586300.0,3.0,1.7816557932391106,449.60170529725195,405.32088285036315,45.18544078851581,-94.76873583744202,13.27622599254842,427.46129407380755,427.46129407380755,15.84000015258789,0.0
2025-01-31,AAPL,246.59515764263173,246.59515764263173,232.87824601959832,235.4320831298828,101075100.0,4.0,-0.09766946574228541,248.93137997079944,219.11356479238415,46.62636735900952,44.96091301670618,14.016083292391295,234.0224723815918,234.0224723815918,16.43000030517578,0.0
2025-01-31,GOOGL,201.76762828746985,205.24362078448016,201.56786140671957,203.78530883789065,32042000.0,4.0,1.147435310445502,202.85803354795564,187.36454640809905,64.85000757312251,185.4687154827198,29.536316556908083,195.11128997802734,195.11128997802734,16.43000030517578,0.0
2025-01-31,MSFT,417.3753368711932,419.0787791378778,413.32091748728266,413.4703369140625,34223400.0,4.0,0.42699609400403915,449.2016058611175,404.32188657052313,45.2258827941885,-90.06752379870112,13.276225992548433,426.7617462158203,426.7617462158203,16.43000030517578,0.0
2025-02-03,AAPL,229.43654993330725,231.27211844312276,225.15686500690927,227.4613037109375,73063300.0,0.0,-0.44386257709024335,247.7490225917817,218.71573265724172,39.50568096372999,-62.47624471096766,2.306088899644137,233.7100357782273,233.7100357782273,18.6200008392334,0.0
2025-02-03,GOOGL,200.45913255035472,203.5156099470352,199.8698149328218,200.99850463867188,27838300.0,0.0,1.2828358699007651,203.3504452824962,188.0507769465077,60.47175604260278,125.87016661302025,23.679438081734194,195.39163353329613,195.39163353329613,18.6200008392334,0.0
2025-02-03,MSFT,410.02361028085903,413.819015846871,407.0948678187981,409.3462219238281,25679100.0,0.0,-0.8976170961204843,449.7603448533889,403.0000830030564,43.27258976364718,-121.50089185571328,18.823719359735133,425.9324355352493,425.9324355352493,18.6200008392334,0.0
2025-02-04,AAPL,226.70312948058964,232.5689843025687,226.10456727432145,232.23977661132807,45067300.0,1.0,-0.38607799793413733,246.51158459871678,218.89971148282618,44.73947775492767,-36.48064113640352,0.17685226418482075,233.64320581609553,233.64320581609553,17.209999084472656,0.0
2025-02-04,GOOGL,203.1560274761925,206.81182081300247,202.57669285659676,206.14259338378903,43856400.0,1.0,1.7174253070370469,205.12674562586983,187.7317992960052,64.98574801896402,175.67861071342116,30.032186316617814,195.88031352650034,195.88031352650034,17.209999084472656,0.0
2025-02-04,MSFT,411.1094311345796,412.3347312724244,408.1707172498281,410.7906494140625,20532100.0,1.0,-1.8155644869437424,450.1639772690665,401.5026548110116,44.14660332887467,-111.10501732107517,18.823719359735133,425.24417252974075,425.24417252974075,17.209999084472656,0.0
2025-02-05,AAPL,227.9800473088197,232.11008389811693,227.72067847197076,231.9105682373047,39620300.0,2.0,-0.35905205807026164,244.7396379856671,219.42167335466493,44.46530233520179,-32.7559180930171,0.17685226418481056,233.56787374745244,233.56787374745244,15.770000457763672,0.0
2025-02-05,GOOGL,190.85021363044223,192.52827375908595,187.81370210065404,191.1099090576172,70373900.0,2.0,1.012819577486738,205.1676360415081,187.13754736913643,48.30839241283663,-96.21649168500336,6.1585496073800154,195.6729046365489,195.6729046365489,15.770000457763672,0.0
2025-02-05,MSFT,410.77072053658367,412.2450327338191,408.828176805576,411.7071228027344,16316700.0,2.0,-2.443688954815002,450.24268014079547,399.9735277449467,44.705784178709855,-101.43593285152933,18.82371935973514,424.6556051503057,424.6556051503057,15.770000457763672,0.0
2025-02-06,AAPL,230.7334042435517,233.23737378273856,229.875473186273,232.6587677001953,29925300.0,3.0,-0.2823872420763678,243.4765256627138,219.7879488245909,45.25408812107321,-17.58082082917532,2.380730351083753,233.52999432881674,233.52999432881674,15.5,0.0
2025-02-06,GOOGL,189.28200260132084,191.8790177044823,188.50290111861952,191.3795928955078,29297400.0,3.0,0.47215329115832105,205.21803464777014,186.6985959064291,48.553415638230526,-89.69675757815814,6.158549607380016,195.49401664733887,195.49401664733887,15.5,0.0
2025-02-06,MSFT,412.41441067873023,416.59833715024297,412.41441067873023,414.2274475097656,16309800.0,3.0,-2.72943142184306,450.32062294812295,399.2430947032442,46.23703319059407,-72.28672563244615,13.217766608789184,424.2210985819499,424.2210985819499,15.5,0.0
2025-02-07,AAPL,232.04025529180169,233.43688010961284,226.71309440770744,227.08221435546875,39707200.0,4.0,-0.6070512115242082,241.79513021256523,219.96597208235667,40.787337131121454,-48.931738824083986,3.783880647580879,233.27208312988282,233.27208312988282,16.540000915527344,0.0
2025-02-07,GOOGL,190.83022332592188,190.9600634127379,183.02921021692137,185.1267852783203,49315000.0,4.0,-0.38844510838077895,205.95016073249764,185.10646005607657,43.59680012533826,-153.50909572285588,15.491121092249587,195.07932739257814,195.07932739257814,16.540000915527344,0.0
2025-02-07,MSFT,414.8849302333569,417.0466023053385,406.5370200109021,408.1806945800781,22886800.0,4.0,-3.3398248615625903,450.6381649102481,397.4502262030331,43.263474616762,-96.23129702982833,18.582554331461175,423.579482421875,423.579482421875,16.540000915527344,0.0
2025-02-10,AAPL,229.26935130196645,230.2880044885276,226.90244480659103,227.3518524169922,33115600.0,0.0,-0.8337384702325039,241.1473403136385,219.72094429329508,41.078240148476304,-57.4925577706651,3.7838806475808804,233.0443819486178,233.0443819486178,15.8100004196167,0.0
2025-02-10,GOOGL,187.1344857224474,187.98349876976383,185.6461942754068,186.2554931640625,23105600.0,0.0,-0.9745711921753752,206.3629510565593,184.13731139461257,44.651910345439795,-137.86944867636817,15.491121092249571,194.73994915301984,194.73994915301984,15.8100004196167,0.0
2025-02-10,MSFT,412.1254884282369,413.868785954634,409.3461959746536,410.6412048339844,20817900.0,0.0,-3.6030766815615607,450.8224130651181,396.59555263312404,44.75893460020854,-87.35443095863955,18.582554331461186,423.0818563608023,423.0818563608023,15.8100004196167,0.0
2025-02-11,AAPL,227.9011437031964,234.92193591818145,227.83124330015124,232.3153533935547,53718400.0,1.0,-0.6487941463691129,240.9909443211465,219.72528340102147,46.11903657190028,-16.17542466654806,5.170077852881656,233.01738089102287,233.01738089102287,16.020000457763672,0.0
2025-02-11,GOOGL,184.81715184499052,186.72495835838524,184.0680145980673,185.10682678222656,21239500.0,1.0,-1.5012779050990162,206.82461180418446,183.10730653077647,43.78952780179073,-148.22811672434835,18.007091882869638,194.38316684299045,194.38316684299045,16.020000457763672,0.0
2025-02-11,MSFT,408.0711028958629,410.9101631414249,407.73237833536206,409.86419677734375,18140600.0,1.0,-3.8211603238544285,451.0138146516096,395.83135136401535,44.37682156472657,-95.85176996868411,20.035125408979912,422.59231341326677,422.59231341326677,16.020000457763672,0.0
2025-02-12,AAPL,230.89721134547665,236.64967765066984,230.377888084301,236.55978393554688,45243300.0,2.0,-0.19352894195733938,241.49666596826094,219.60367888037186,49.90983333897466,17.953616546177262,8.22405997450998,233.14389528547014,233.14389528547014,15.890000343322754,0.0
2025-02-12,GOOGL,183.0092376906385,184.8970629566076,181.62083725948915,183.39878845214844,22072600.0,2.0,-2.016601676164669,207.39122273055014,181.9363926258952,42.526122606571484,-165.39616667053008,21.744334528793694,193.9908676147461,193.9908676147461,15.890000343322754,0.0
2025-02-12,MSFT,405.6503805324544,409.1768308737253,402.82126135721137,407.473388671875,19121700.0,2.0,-4.117623379776433,451.3055855471003,394.87911599098567,43.202825296451046,-111.27525917196094,24.28754699603527,422.05235181535994,422.05235181535994,15.890000343322754,0.0
2025-02-13,AAPL,236.5997394445533,242.02262084431052,235.2614980047627,241.21368408203125,53614100.0,3.0,0.4994181292851749,242.32262102946143,219.1693360628237,53.61172937479234,76.22613632004065,16.839812903138647,233.4221638646619,233.4221638646619,15.100000381469727,0.0
2025-02-13,GOOGL,184.1079743694657,186.06571114375504,182.9293238598035,185.9258728027344,21402500.0,3.0,-2.2130535936214244,207.4994534658267,180.8882448984311,44.95676854341424,-130.24431995239217,19.063347585177958,193.71276434536637,193.71276434536637,15.100000381469727,0.0
2025-02-13,MSFT,405.4412009596675,409.4258810673793,404.8036375500993,408.9676513671875,23891700.0,3.0,-4.193332096552126,451.20084090343295,393.4129011619968,44.15798738660276,-97.53344622889158,23.94177912058593,421.60115524818156,421.60115524818156,15.100000381469727,0.0
2025-02-14,AAPL,240.9340443537928,245.22841586050225,240.6743903515472,244.2796630859375,40896200.0,4.0,1.257261360124943,244.52623825556716,218.62261580937425,55.83613598757402,116.30702434262427,21.394554918932133,233.7840805053711,233.7840805053711,14.770000457763672,0.0
2025-02-14,GOOGL,184.8471041355986,186.1855589387927,184.1079651875959,185.01690673828125,20448400.0,4.0,-2.406748885168298,207.72690185782793,179.89367919685955,44.26027593887678,-120.30214593952059,18.785836640928967,193.42290242513022,193.42290242513022,14.770000457763672,0.0
2025-02-14,MSFT,406.2281896382052,407.3438952203064,404.3255012113121,406.86572265625,22758500.0,4.0,-4.35642882549746,451.20506445887685,391.79986412999034,43.10317815338443,-103.54697872202709,24.359704137274328,421.10997416178384,421.10997416178384,14.770000457763672,0.0
2025-02-18,AAPL,243.83025306858283,244.85890295305825,241.52328070167576,244.14984130859372,48822500.0,1.0,1.8250977643413364,246.3743457632178,218.24683648775877,55.71910207199316,118.6445302034679,21.394554918932133,233.81363525390626,234.1184598861202,15.350000381469727,0.0
2025-02-18,GOOGL,185.386490331916,185.74607679460823,181.5309302979739,183.55859375,29916700.0,1.0,-2.636802803271621,207.8082152799992,178.590773062286,43.15075338149088,-133.12744932327118,22.788924613379752,193.2344528198242,193.10469891948085,15.350000381469727,0.0
2025-02-18,MSFT,406.4373725143938,409.0274206742818,404.943117468385,408.0711059570313,21423100.0,1.0,-4.34517978475418,450.6864153961128,390.38693970642623,43.898187056732525,-89.75873725836365,21.919552814705202,420.8131154378255,420.68936551001764,15.350000381469727,0.0
2025-02-19,AAPL,244.33958470767533,245.6878075369989,242.84154918255663,244.5493011474609,32204200.0,2.0,2.277064976931314,247.6486670777025,219.21702353509045,56.012578827639054,126.64081910310074,22.568056797969522,233.8727996826172,234.4444236755371,15.270000457763672,0.0
2025-02-19,GOOGL,183.8582530360721,185.246653369277,183.3787942547783,185.05686950683597,19549400.0,2.0,-2.675762708783253,207.4326462185912,177.68981166715096,44.626091167931826,-111.13475970807183,22.78892461337975,193.01736958821616,192.8532042503357,15.270000457763672,0.0
2025-02-19,MSFT,406.3178313932664,413.8986706302125,406.0887013451084,413.1814270019531,24114200.0,2.0,-3.909952440617758,450.0192115500081,389.68639758085124,47.13767603754024,-60.734344052210076,15.156106656395407,420.52820943196616,420.4547424316406,15.270000457763672,0.0
2025-02-20,AAPL,244.61922281669612,246.4568094488268,243.9700649298591,245.508056640625,32316900.0,3.0,2.675021174104245,248.89423364967374,220.1931274953458,56.72470238606121,137.00808013422636,23.66180953879399,233.90938771565754,234.77968528053978,15.65999984741211,0.0
2025-02-20,GOOGL,184.58741616756504,185.0968239961468,182.5098070913863,184.34768676757807,20441500.0,3.0,-2.7278192310648706,206.93148149176326,176.81156507806097,44.06612565342365,-108.4863780658675,24.138277784048196,192.60750834147134,192.59546129631275,15.65999984741211,0.0
2025-02-20,MSFT,414.52900508229465,418.5416276159257,411.784044354801,415.3674621582031,23508700.0,3.0,-3.3627250558537867,446.2806744562466,390.5125720037144,48.45478049315304,-30.930253979384062,9.183952752666205,420.1667460123698,420.3005824233546,15.65999984741211,0.0
2025-02-21,AAPL,245.6278941258364,248.364311233094,244.8988544206072,245.2284240722656,53197400.0,4.0,2.9344757497513854,249.6976203289825,221.60040518371278,56.44897111334446,142.2781544806525,26.331978791651533,234.02943064371746,235.08700112735525,18.209999084472656,0.0
2025-02-21,GOOGL,184.93699793129608,185.1267817944969,178.87398876546823,179.4533233642578,35199200.0,4.0,-3.1014898796905754,206.7192742516838,175.19388035036698,40.44304813575392,-130.85559284206133,29.47301944879579,192.08044840494793,192.20892782772287,18.209999084472656,0.0
2025-02-21,MSFT,416.5752186827425,417.2839090748864,407.1425541325549,407.4619445800781,27524800.0,4.0,-3.4847381004098565,441.79569108408367,391.24383833486166,44.32332809604612,-58.501725603941814,13.806734490841901,419.72373250325523,419.92297542796416,18.209999084472656,0.0
2025-02-24,AAPL,244.609226181644,248.53408727873096,244.09989957647332,246.77639770507807,51326400.0,0.0,3.2194179334942135,250.26459676601337,223.48668039463115,57.62844218861072,139.71772550014802,24.445907576036195,234.18477935791014,235.42098388671874,18.979999542236328,0.0
2025-02-24,GOOGL,181.7806461448736,182.90933584096624,178.68420625509464,179.04379272460938,29854200.0,0.0,-3.3886234862346214,205.92805943600334,173.8915053833326,40.15725602805566,-128.9407458297567,29.739814186481073,191.59101206461588,191.83278111049108,18.979999542236328,0.0
2025-02-24,MSFT,407.7614192904554,408.6198287275297,398.588257435889,403.2596740722656,26443700.0,0.0,-3.8545117807656197,437.35145836765093,391.77811011379436,42.33825706492595,-99.64877931055142,21.431706281773565,419.0679229736328,419.44688110351564,18.979999542236328,0.0
2025-02-25,AAPL,247.67521063757025,249.67259136851837,244.58926106556868,246.71646118164065,48013300.0,1.0,3.4007299472789896,251.32555670751924,224.16668267236355,57.565995970059966,132.8669337931583,26.072894668078956,234.53266042073568,235.734747144911,19.43000030517578,0.0
2025-02-25,GOOGL,177.8351818432405,178.53438877889693,174.48904471950055,175.21820068359375,41913400.0,1.0,-3.8618943329049955,206.37158022672736,171.81087063997188,37.590304283219716,-157.6030399774013,35.333725391879106,191.03764953613282,191.3712649875217,19.43000030517578,0.0
2025-02-25,MSFT,400.3649855487621,401.18349019975926,395.9730546936776,397.17083740234375,29387400.0,1.0,-4.557257814946752,435.1112883498179,390.44579783182274,39.67487867167743,-124.99978366703905,23.570027380880028,418.3954355875651,418.8281021118164,19.43000030517578,0.0
2025-02-26,AAPL,244.0100136784052,244.65915630674968,238.8168269352331,240.0452117919922,44433600.0,2.0,2.999573428432541,251.48222092435722,224.2458766098225,51.18026419472302,66.86762546931544,13.278460074925883,234.73963673909506,235.85124618942672,19.100000381469727,0.0
2025-02-26,GOOGL,174.8686155406987,175.87744820035027,171.38262477536554,172.5312957763672,35431300.0,2.0,-4.390686198116981,206.49655938802763,169.43148779214815,35.92194193639665,-167.8617074116399,39.050862440476976,190.42901713053385,190.86207663046346,19.100000381469727,0.0
2025-02-26,MSFT,397.28064827533655,402.860400830509,393.5275288045757,398.99749755859375,19619000.0,2.0,-4.916669337278165,427.50543689907346,393.4026716214343,40.83005361648803,-115.64288804499151,25.530646976958227,417.8422790527344,418.29213982659417,19.100000381469727,0.0
2025-02-27,AAPL,239.09646458024957,242.14247324939225,236.749536120712,236.98922729492188,41153600.0,3.0,2.4194266163634097,251.39061137001067,224.15800923545805,48.62424143685266,38.48189346528845,9.173741248882667,234.88199055989583,235.88119306062399,21.1299991607666,0.0
2025-02-27,GOOGL,173.78985771928288,174.3591940996765,167.746814231894,168.30616760253906,39991000.0,3.0,-5.074426020689174,206.77511412527656,166.46502869698907,33.50308498156758,-174.20248758470126,43.01676609687418,189.72449544270833,190.26850007709703,21.1299991607666,0.0
2025-02-27,MSFT,400.5346739302656,404.9964840093174,391.4513737735657,391.8106994628906,21127400.0,3.0,-5.686433502168654,420.13929469141283,395.886294297845,37.87791612879448,-122.0822757643748,22.686861423684608,417.10003458658855,417.595259817023,21.1299991607666,0.0
2025-02-28,AAPL,236.6396744702452,241.77294223985544,229.8985146337964,241.5232696533203,56833400.0,4.0,2.282761075343558,251.71191254197606,224.28721160353177,52.28189887943032,28.858855103057,2.8898771680499795,235.0228474934896,236.02586169120593,19.6299991607666,0.0
2025-02-28,GOOGL,168.48594100971005,170.41372863795183,166.5781498819881,170.0841064453125,48130600.0,4.0,-5.415896278241576,205.40464304675174,164.78001881848263,35.39675752430827,-164.7031982525853,44.223571116992176,188.8831309000651,189.75095152243588,19.6299991607666,0.0
2025-02-28,MSFT,391.94046026830176,396.9013540385077,385.8616237546672,396.2625122070313,32845700.0,4.0,-5.884648684077376,420.0754952582005,394.2362845269557,40.62870859441583,-131.77002676672583,27.15420201470894,416.1528767903646,417.0482662885617,19.6299991607666,0.0
2025-03-03,AAPL,241.47333193183624,243.71040379171197,235.80077808405883,237.71826171875,47184000.0,0.0,1.8589202402759781,251.7741205895469,224.45362141484765,49.23860579136222,39.66711395152847,0.3320516179074811,235.35643310546874,236.06817169189452,22.780000686645508,0.0
2025-03-03,GOOGL,171.7322094406985,173.17055534541237,165.73911166521458,166.81787109375,40770500.0,0.0,-5.87051039436605,203.11724975918003,163.37066833164027,33.579440265991934,-152.5913567611191,37.136201855282344,188.02079060872396,189.17762451171876,22.780000686645508,0.0
2025-03-03,MSFT,398.0891633417286,398.0891633417286,385.4523593369203,387.778076171875,23007700.0,0.0,-6.620377886356152,421.05766115624186,390.68489255469564,37.366556288884915,-138.49288788879582,25.559342671592827,414.9803507486979,416.3165115356445,22.780000686645508,0.0
2025-03-04,AAPL,237.39870037793835,239.75561031847352,234.3726544629493,235.6210174560547,53798100.0,1.0,1.3450863012727723,251.30152451920145,225.7421888597048,47.65686751321864,12.62410396782119,2.007812867029162,235.5629150390625,236.0572654910204,23.510000228881836,0.0
2025-03-04,GOOGL,166.04876455679425,173.09064211021553,165.60926829005186,170.72337341308594,45388000.0,1.0,-5.859724018720584,200.4902580044077,162.97014696385403,37.545709841458745,-132.3861184322465,37.28635845340791,187.18575236002604,188.72752082638624,23.510000228881836,0.0
2025-03-04,MSFT,382.6974135187692,391.8605838606322,380.3018176104047,387.8978576660156,29342900.0,1.0,-7.111173198259394,421.8649327835906,387.7327845015657,37.439916156806184,-150.9418626771225,29.52449011526792,413.66405131022134,415.6233736363853,23.510000228881836,0.0
2025-03-05,AAPL,235.11168617953675,236.2402111793479,228.9297903220316,235.4312744140625,47227600.0,2.0,0.9128141287305311,251.20801348423595,226.15484967494376,47.5140140740943,-24.582815386432305,10.259181458909604,236.00715026855468,236.042360941569,21.93000030517578,0.0
2025-03-05,GOOGL,170.32384453302183,173.58008886593674,168.86551735545183,172.8209686279297,30954900.0,2.0,-5.622856875728189,195.27911786142738,164.8491246312484,39.5512665369964,-111.30342514766058,36.01942543566001,186.35237884521484,188.34879339308966,21.93000030517578,0.0
2025-03-05,MSFT,388.62653647287385,400.9339589862258,388.0975089086104,400.2851257324219,23433100.0,2.0,-6.461694817088414,421.2093474049652,387.337817512027,44.40600772864677,-91.93105251815084,18.063936081849853,412.77825927734375,415.25817725771947,21.93000030517578,0.0
2025-03-06,AAPL,234.13297099659667,237.54849020730907,232.8546485518437,235.0218048095703,45170400.0,3.0,0.5323507383667447,251.08368357812762,226.5903032382786,47.198172382895,-12.605970839065671,7.997944022778867,236.39816538492838,236.01862707803414,24.8700008392334,0.0
2025-03-06,GOOGL,170.33381982392953,174.60889486138916,170.30385555544734,172.1517333984375,28302000.0,3.0,-5.424550079646281,193.7861416875773,164.4462832391805,39.136470412048936,-100.74727323029214,33.34364858307626,185.48604329427084,187.97211757926053,24.8700008392334,0.0
2025-03-06,MSFT,393.557486671848,401.4130601425524,391.9604125552081,396.1627197265625,23304600.0,3.0,-6.196896303915992,420.4224728529491,386.57025175642593,42.76657060121177,-90.78138739424597,17.49605341861415,411.1673136393229,414.8140968500182,24.8700008392334,0.0
2025-03-07,AAPL,234.80209169163373,241.05388787370777,234.45254396930395,238.7569122314453,46273600.0,4.0,0.5169909839922298,251.03960777628689,227.24419349324435,50.31476317472622,18.40673785371559,2.1890185915047415,236.9193364461263,236.08086083152077,23.3700008392334,0.0
2025-03-07,GOOGL,171.06298843219486,174.7687274017958,170.07413701655315,173.66000366210938,27385800.0,4.0,-5.090583603293254,191.8870256750628,164.5734403283552,40.58912994540368,-91.3881575829656,33.64516249964071,184.68296864827474,187.64684226296166,23.3700008392334,0.0
2025-03-07,MSFT,391.601087821307,394.0765237695316,384.8335132703471,392.5892639160156,22034100.0,4.0,-6.194720407873774,419.21821738377656,385.6106888662235,41.39608885020875,-123.54398237008546,23.181978453570583,409.4203186035156,414.30898701060903,23.3700008392334,0.0
2025-03-10,AAPL,235.23152514577004,235.8507235430885,223.92635798057333,227.1820831298828,72071200.0,0.0,-0.3975437234218191,251.02335482776044,227.2704333192122,42.3090682369593,-106.89530476925651,16.19206302286641,237.08394317626954,235.8831102159288,27.860000610351562,0.0
2025-03-10,GOOGL,168.25999450683594,168.4600067138672,163.69000244140625,165.8699951171875,43604000.0,0.0,-5.374198971881441,191.57664543611793,162.95814155118677,35.99849207041578,-133.07694158082847,41.281265161151545,183.54597880045574,187.1629123263889,27.860000610351562,0.0
2025-03-10,MSFT,385.1329632711281,385.6919346613749,376.5287638766263,379.46337890625,32840100.0,0.0,-7.138815951422146,420.41002632319584,381.5471483594213,36.90254867695144,-177.2846908255453,29.074209370812287,407.32378845214845,413.5346401638455,27.860000610351562,0.0
2025-03-11,AAPL,223.51689291637277,225.54423318142804,217.16522145004404,220.55078125,76137400.0,1.0,-1.6239396784094993,252.37436130050452,225.2393197297689,38.66313939939053,-200.56765813603923,23.47199261598708,236.79207458496094,235.5497987166695,26.920000076293945,0.0
2025-03-11,GOOGL,164.91000366210938,166.75,161.3699951171875,164.0399932861328,39587400.0,1.0,-5.676842145610976,190.96832469380797,161.34491230570376,35.035530753334925,-133.75170699966142,43.71623125464615,182.62766723632814,186.66024017333984,26.920000076293945,0.0
2025-03-11,MSFT,378.30548307291184,385.2926555834933,376.2193166501511,379.7528381347656,30380200.0,1.0,-7.773939178317221,420.4753346335019,378.3930033791934,37.058413841825214,-161.41018648018573,29.283293940786102,405.5523610432943,412.8002531632133,26.920000076293945,0.0
2025-03-12,AAPL,219.85169651198805,221.4595886104368,214.6285501658544,216.69583129882807,62547500.0,2.0,-2.8656451041066475,254.62597567338977,221.42575314741103,36.758237528745234,-209.90733939130817,25.96790764645699,236.0923812866211,235.1486504737367,24.229999542236328,0.0
2025-03-12,GOOGL,166.5800018310547,167.63999938964844,163.52999877929688,167.11000061035156,28372400.0,2.0,-5.610084167745811,189.9653663118381,160.54818807048613,37.91759849648776,-109.53956762168124,41.389443216777615,181.69548950195312,186.2442776294465,24.229999542236328,0.0
2025-03-12,MSFT,382.2482670126177,384.5140963348653,378.2555969008229,382.5676574707031,24253600.0,2.0,-7.963408903111656,419.7920406771945,376.3466434048367,38.584577378009726,-141.66852468111554,29.283293940786102,403.4550404866537,412.1570064463514,24.229999542236328,0.0
2025-03-13,AAPL,215.6671885752157,216.55602242060417,208.1470510912824,209.4053955078125,61368300.0,3.0,-4.373487703473472,257.63951069979714,215.69677927823025,33.526597521039534,-236.93570008010587,31.843494293304524,235.11309458414715,234.61233266194662,24.65999984741211,0.0
2025-03-13,GOOGL,166.0399932861328,166.1300048828125,162.11000061035156,162.75999450683594,31756200.0,3.0,-5.832640910424942,189.41629326720266,159.03338172059028,35.60243481195545,-116.8878249593624,42.914883553558234,180.6146489461263,185.75502173105875,24.65999984741211,0.0
2025-03-13,MSFT,382.4578672121625,384.6139126915579,376.75833925299,378.0758972167969,20473000.0,3.0,-8.370760653411537,419.58459029468696,373.61434464183645,37.09959316707972,-143.92632739577272,30.346499417669225,401.3697072347005,411.44698333740234,24.65999984741211,0.0
2025-03-14,AAPL,210.97334672214788,213.66980775083545,209.30553558500117,213.21041870117188,60107600.0,4.0,-5.2073457868273465,258.57117873254646,211.96478470739493,36.53892905978425,-199.2143524419053,31.84349429330452,234.3195007324219,234.1755589076451,21.770000457763672,0.0
2025-03-14,GOOGL,163.27000427246094,166.49000549316406,162.4499969482422,165.49000549316406,31995900.0,4.0,-5.727115997957128,187.81888549520852,158.5872027616274,38.05785000496185,-101.64513192636433,41.9459785876208,179.4430185953776,185.34144997110172,21.770000457763672,0.0
2025-03-14,MSFT,379.0840519928303,389.51491455417886,378.8145577339824,387.8479614257813,19952800.0,4.0,-7.831173900397175,418.0721323748924,373.01483356749037,42.11352253454889,-98.88897903861745,24.031978067227023,400.51795247395836,410.96537064532845,21.770000457763672,0.0
2025-03-17,AAPL,213.0306430192638,214.9381453068513,209.69502079955336,213.71974182128903,48073400.0,0.0,-5.761077492054966,258.51627317264735,208.9636981408292,36.934664467710796,-170.34674527835236,29.688048677629357,233.59575602213542,233.76644256591797,20.510000228881836,0.0
2025-03-17,GOOGL,165.02999877929688,166.3000030517578,163.6699981689453,164.2899932861328,31184300.0,0.0,-5.67282607487661,186.1825035799584,158.1508933316627,37.409246959828394,-96.18388767736485,41.94597858762081,178.1265080769857,184.92042083740233,20.510000228881836,0.0
2025-03-17,MSFT,385.9913968692823,391.9903630236124,384.8634626840814,387.98773193359375,22474300.0,0.0,-7.308101116194223,416.7088458158403,372.49032105427693,42.18171595016271,-74.71621776948476,20.96993846716385,399.6685323079427,410.50581787109377,20.510000228881836,0.0
2025-03-18,AAPL,213.87952928252255,214.8682229774316,211.2130278733229,212.4114532470703,42432400.0,1.0,-6.231388111466771,258.15723978836024,206.14889271896396,36.332621262315385,-154.86541518109883,29.688048677629364,233.0940943400065,233.34771728515625,21.700000762939453,0.0
2025-03-18,GOOGL,163.67999267578125,164.25,156.72000122070312,160.6699981689453,42074800.0,1.0,-5.8489501415441225,184.85820751488967,157.18632983862597,35.52014647753464,-120.08716195460191,49.07835186387261,176.7822245279948,184.4449223537071,21.700000762939453,0.0
2025-03-18,MSFT,386.3607127115224,386.6601507855219,380.4016513456866,382.8171997070313,19486900.0,1.0,-7.219788638627392,415.0883415649378,371.5854346801794,40.36209076636036,-100.41649129123807,24.447742816029773,398.7842315673828,409.9629037894455,21.700000762939453,0.0
2025-03-19,AAPL,213.9394462086688,218.47349365471305,213.470060528986,214.95811462402344,54385400.0,2.0,-6.32885099802823,257.07226587686006,204.2747479781204,38.35599116380706,-121.74352732174648,23.544068555367097,232.51803894042968,232.99407108013446,19.899999618530273,0.0
2025-03-19,GOOGL,161.75999450683594,165.8699951171875,161.0,163.88999938964844,34275600.0,2.0,-5.667555518983022,182.4522788357361,157.4755715060608,38.38330756544679,-94.18976279498476,44.78901919713547,175.3738047281901,184.04963537362906,19.899999618530273,0.0
2025-03-19,MSFT,384.8235322758774,388.9659214939022,383.29633715100766,387.1093444824219,19185500.0,2.0,-6.731529758352906,411.8127848400241,372.25378315314,42.49241257941738,-74.8712781612676,21.587326110819,397.99485473632814,409.5234122643104,19.899999618530273,0.0
2025-03-20,AAPL,213.70975404736052,217.20517028159983,211.94206785632255,213.81961059570312,48862900.0,3.0,-6.422279396081279,255.54274153114577,202.63542771934252,37.80041764072983,-119.35699772046092,25.099817005601523,231.91500701904297,232.63228880684332,19.799999237060547,0.0
2025-03-20,GOOGL,161.57000732421875,164.88999938964844,160.9600067138672,162.8000030517578,28138500.0,3.0,-5.546306427678672,179.7640328666701,158.00904910354473,37.79560804448281,-94.77887632413939,44.82955868396017,174.43014119466145,183.64869891472583,19.799999237060547,0.0
2025-03-20,MSFT,385.0331131975468,391.07204471615,382.5776297310475,386.131103515625,18470500.0,3.0,-6.348988876166686,407.1526839442512,373.9902481846551,42.13752842889044,-69.43105162636873,19.002744937274034,397.14232076009114,409.0820479482975,19.799999237060547,0.0
2025-03-21,AAPL,211.2829271905112,218.5533916912833,211.0032951126973,217.9841461181641,94127800.0,4.0,-6.094722236704058,253.47774061555324,201.97600083952486,41.032456845518155,-99.06267211509622,22.818657033564456,231.42585296630858,232.3610269052011,19.280000686645508,0.0
2025-03-21,GOOGL,161.2100067138672,164.24000549316406,160.88999938964844,163.99000549316406,36625800.0,4.0,-5.294430590554185,177.9796669962399,158.24708318686558,38.85299560473486,-89.70833176006754,44.90281782427952,173.51715494791668,183.28464903654876,19.280000686645508,0.0
2025-03-21,MSFT,382.5177544739553,391.0221306945889,382.09851071654674,390.54302978515625,39675900.0,4.0,-5.629994947938428,404.28103868887416,375.1700019605399,44.30761321116606,-57.020339813343405,19.405914675264942,396.35284016927085,408.7387327971282,19.280000686645508,0.0
2025-03-24,AAPL,220.71056863168135,221.1899357355996,218.29373979930332,220.44091796875,44299500.0,0.0,-5.575195004707751,250.71206733371653,202.10812614772877,42.844905094975516,-68.43452570862067,18.449192287989842,231.20447642008463,232.1442976518111,17.479999542236328,0.0
2025-03-24,GOOGL,167.07000732421875,168.32000732421875,165.13999938964844,167.67999267578125,30879100.0,0.0,-4.746275064515544,175.96370657279152,159.12666360543113,42.01476941747576,-52.66094703549495,34.16228234479989,172.9355951944987,183.00092801180753,17.479999542236328,0.0
2025-03-24,MSFT,394.67543616141086,394.67543616141086,389.09568331150246,392.3596801757813,21004500.0,0.0,-4.859532832626144,402.3528583327071,376.00818292705856,45.18332019961942,-25.209118929094025,14.894800317540168,395.8254730224609,408.44093184037644,17.479999542236328,0.0
2025-03-25,AAPL,220.48087718007704,223.8065179397524,219.79177838679217,223.45697021484372,34493600.0,1.0,-4.86697774073258,247.6059412615967,202.88830312316892,44.992116506389344,-51.487651816548514,14.275321905371035,231.07464701334635,231.98916680472237,17.149999618530273,0.0
2025-03-25,GOOGL,168.97999572753906,170.6300048828125,168.32000732421875,170.55999755859375,24174400.0,1.0,-4.035815119115483,175.06867978316225,159.5558700825604,44.33858406867166,-24.425971681882334,28.580182988186674,172.41241200764975,182.7787685394287,17.149999618530273,0.0
2025-03-25,MSFT,393.198164585924,395.63366532055824,391.9205113732519,394.4358825683594,15775000.0,1.0,-4.036961318312251,401.92030765193397,376.1672381244332,46.18377574702232,-7.645791037947863,13.728968909635473,395.28529561360676,408.1908416748047,17.149999618530273,0.0
2025-03-26,AAPL,223.21727075576555,224.7253029108424,220.1812588497044,221.2398681640625,34466100.0,2.0,-4.431453766001141,245.60176339629092,203.01194662568176,43.74245304791891,-49.9712377466343,12.831085208404627,230.7054641723633,231.80058261804413,18.329999923706055,0.0
2025-03-26,GOOGL,169.0,169.61000061035156,164.83999633789062,165.05999755859375,28901600.0,2.0,-3.8668810467800654,174.34869172393397,159.52872832001137,41.0857074648761,-52.81616569557121,32.9292174491123,171.744184366862,182.46791290818598,18.329999923706055,0.0
2025-03-26,MSFT,394.2761831812202,394.5856126855185,387.85797313035886,389.2554016113281,16108400.0,2.0,-3.754998403831962,400.5548888445267,376.55844733711393,44.10596472107279,-30.10268528314554,17.404686357762277,394.5983357747396,407.85864097193667,18.329999923706055,0.0
2025-03-27,AAPL,221.1000540446544,224.69534536875565,220.271139232742,223.5568389892578,37094800.0,3.0,-3.856845571605163,244.07614318402375,203.19432800738252,45.38246451653935,-42.473213340275116,12.831085208404627,230.27203267415365,231.65844910720298,18.690000534057617,0.0
2025-03-27,GOOGL,164.6300048828125,165.4199981689453,162.0,162.24000549316406,24508300.0,3.0,-3.9129525661822697,174.3018723840136,158.9689314489942,39.546823657589265,-81.82800996368344,36.20863296237936,171.0388916015625,182.11915588378906,18.690000534057617,0.0
2025-03-27,MSFT,389.4151007040484,391.5212195564284,386.6900923994873,389.8642578125,13766800.0,3.0,-3.4432064849391395,400.3777424026819,376.5409496139196,44.41003983805963,-36.58799663845563,18.438134218796055,394.01136474609376,407.5483929864291,18.690000534057617,0.0
